{"data_time": 0.06132384994998574, "eta_seconds": 251.70790500123985, "fast_rcnn/cls_accuracy": 0.984375, "fast_rcnn/false_negative": 1.0, "fast_rcnn/fg_cls_accuracy": 0.0, "iteration": 19, "loss_box_reg": 0.010473655071109533, "loss_cls": 0.9601114392280579, "loss_rpn_cls": 0.6823495328426361, "loss_rpn_loc": 0.8734788000583649, "lr": 6.0315625e-06, "roi_head/num_bg_samples": 508.84375, "roi_head/num_fg_samples": 3.15625, "rpn/num_neg_anchors": 245.0, "rpn/num_pos_anchors": 11.0, "time": 0.8390263500041328, "timetest": 12.0, "total_loss": 2.4529117178171873}
{"bbox/AP": 0.0026565084236807503, "bbox/AP-break": 0.0, "bbox/AP-disc": 0.007969525271042251, "bbox/AP-shadow": 0.0, "bbox/AP50": 0.015937989925971657, "bbox/AP75": 0.0006450167163258052, "bbox/APl": 0.0989171226508592, "bbox/APm": 0.0, "bbox/APs": 0.0, "iteration": 15, "validation_loss": 2.5461791720463225}
{"data_time": 0.057682699989527464, "eta_seconds": 235.6675159977749, "fast_rcnn/cls_accuracy": 0.9923095703125, "fast_rcnn/false_negative": 1.0, "fast_rcnn/fg_cls_accuracy": 0.0, "iteration": 39, "loss_box_reg": 0.013278102036565542, "loss_cls": 0.35617639124393463, "loss_rpn_cls": 0.6781535148620605, "loss_rpn_loc": 0.881153404712677, "lr": 1.22753125e-05, "roi_head/num_bg_samples": 508.3125, "roi_head/num_fg_samples": 3.6875, "rpn/num_neg_anchors": 241.5, "rpn/num_pos_anchors": 14.5, "time": 0.8482096000225283, "timetest": 12.0, "total_loss": 2.0088250478729606}
{"bbox/AP": 0.03410162371015079, "bbox/AP-break": 0.0, "bbox/AP-disc": 0.1013735111001284, "bbox/AP-shadow": 0.0009313600303239782, "bbox/AP50": 0.2175204317406706, "bbox/AP75": 0.003062951306731601, "bbox/APl": 0.06089282541318547, "bbox/APm": 0.0014314633251772163, "bbox/APs": 0.0, "iteration": 31, "validation_loss": 2.2959922069952405}
{"data_time": 0.05130629998166114, "eta_seconds": 220.79094699118286, "fast_rcnn/cls_accuracy": 0.991943359375, "fast_rcnn/false_negative": 1.0, "fast_rcnn/fg_cls_accuracy": 0.0, "iteration": 59, "loss_box_reg": 0.013718387112021446, "loss_cls": 0.14896059781312943, "loss_rpn_cls": 0.6662359833717346, "loss_rpn_loc": 0.7856941223144531, "lr": 1.85190625e-05, "roi_head/num_bg_samples": 507.875, "roi_head/num_fg_samples": 4.125, "rpn/num_neg_anchors": 207.03125, "rpn/num_pos_anchors": 48.96875, "time": 0.8664997500018217, "timetest": 12.0, "total_loss": 1.6368896551430225}
{"bbox/AP": 0.010286939032917103, "bbox/AP-break": 0.0, "bbox/AP-disc": 0.029781158998506894, "bbox/AP-shadow": 0.001079658100244417, "bbox/AP50": 0.06910268626209315, "bbox/AP75": 0.0006192419012386712, "bbox/APl": 0.01598665571576093, "bbox/APm": 0.0002602457002629351, "bbox/APs": 0.0, "iteration": 47, "validation_loss": 2.045805241944159}
{"bbox/AP": 0.001368456113652527, "bbox/AP-break": 0.0, "bbox/AP-disc": 0.003139279924946986, "bbox/AP-shadow": 0.0009660884160105958, "bbox/AP50": 0.008121530074799585, "bbox/AP75": 0.0, "bbox/APl": 0.0028504660920187935, "bbox/APm": 0.0002719118461794686, "bbox/APs": 0.0, "data_time": 0.05323220003629103, "eta_seconds": 207.09376799874008, "fast_rcnn/cls_accuracy": 0.9931640625, "fast_rcnn/false_negative": 1.0, "fast_rcnn/fg_cls_accuracy": 0.0, "iteration": 79, "loss_box_reg": 0.018696190789341927, "loss_cls": 0.12071710079908371, "loss_rpn_cls": 0.6477150321006775, "loss_rpn_loc": 0.8250035047531128, "lr": 2.47628125e-05, "roi_head/num_bg_samples": 508.5, "roi_head/num_fg_samples": 3.5, "rpn/num_neg_anchors": 245.5, "rpn/num_pos_anchors": 10.5, "time": 0.8818959999480285, "timetest": 12.0, "total_loss": 1.6064421478658915, "validation_loss": 1.8974547532621806}
{"data_time": 0.05737699999008328, "eta_seconds": 192.3347469966393, "fast_rcnn/cls_accuracy": 0.9923095703125, "fast_rcnn/false_negative": 1.0, "fast_rcnn/fg_cls_accuracy": 0.0, "iteration": 99, "loss_box_reg": 0.01772006507962942, "loss_cls": 0.09931338205933571, "loss_rpn_cls": 0.6187860071659088, "loss_rpn_loc": 0.7943867444992065, "lr": 3.10065625e-05, "roi_head/num_bg_samples": 508.0625, "roi_head/num_fg_samples": 3.9375, "rpn/num_neg_anchors": 242.0, "rpn/num_pos_anchors": 14.0, "time": 0.9160092500387691, "timetest": 12.0, "total_loss": 1.495194255374372}
{"bbox/AP": 0.0008289055302518771, "bbox/AP-break": 0.0, "bbox/AP-disc": 0.0008796266191361317, "bbox/AP-shadow": 0.0016070899716194992, "bbox/AP50": 0.0039058105612755044, "bbox/AP75": 0.0, "bbox/APl": 0.0016934391648274535, "bbox/APm": 0.000606143518447994, "bbox/APs": 0.0, "iteration": 95, "validation_loss": 1.8502997106684234}
{"data_time": 0.053773799969349056, "eta_seconds": 175.8385300054215, "fast_rcnn/cls_accuracy": 0.99249267578125, "fast_rcnn/false_negative": 1.0, "fast_rcnn/fg_cls_accuracy": 0.0, "iteration": 119, "loss_box_reg": 0.014438625890761614, "loss_cls": 0.0725417248904705, "loss_rpn_cls": 0.5696966052055359, "loss_rpn_loc": 0.6237723231315613, "lr": 3.72503125e-05, "roi_head/num_bg_samples": 508.15625, "roi_head/num_fg_samples": 3.84375, "rpn/num_neg_anchors": 242.5, "rpn/num_pos_anchors": 13.5, "time": 0.948753550008405, "timetest": 12.0, "total_loss": 1.2726452299393713}
{"bbox/AP": 0.00012742587000012743, "bbox/AP-break": 0.0, "bbox/AP-disc": 0.0003822776100003823, "bbox/AP-shadow": 0.0, "bbox/AP50": 0.0006371293500006371, "bbox/AP75": 0.0, "bbox/APl": 0.00012742587000012743, "bbox/APm": 0.0, "bbox/APs": 0.0, "iteration": 111, "validation_loss": 1.8031446680746661}
{"data_time": 0.061138549994211644, "eta_seconds": 160.00397100811824, "fast_rcnn/cls_accuracy": 0.98736572265625, "fast_rcnn/false_negative": 1.0, "fast_rcnn/fg_cls_accuracy": 0.0, "iteration": 139, "loss_box_reg": 0.03477644547820091, "loss_cls": 0.11524998024106026, "loss_rpn_cls": 0.48311270773410797, "loss_rpn_loc": 0.4103795886039734, "lr": 4.34940625e-05, "roi_head/num_bg_samples": 505.53125, "roi_head/num_fg_samples": 6.46875, "rpn/num_neg_anchors": 208.0625, "rpn/num_pos_anchors": 47.9375, "time": 1.1202136999927461, "timetest": 12.0, "total_loss": 1.0549672413617373}
{"bbox/AP": 0.0, "bbox/AP-break": 0.0, "bbox/AP-disc": 0.0, "bbox/AP-shadow": 0.0, "bbox/AP50": 0.0, "bbox/AP75": 0.0, "bbox/APl": 0.0, "bbox/APm": 0.0, "bbox/APs": 0.0, "iteration": 127, "validation_loss": 1.7816594926164764}
{"bbox/AP": 0.0, "bbox/AP-break": 0.0, "bbox/AP-disc": 0.0, "bbox/AP-shadow": 0.0, "bbox/AP50": 0.0, "bbox/AP75": 0.0, "bbox/APl": 0.0, "bbox/APm": 0.0, "bbox/APs": 0.0, "data_time": 0.04604980000294745, "eta_seconds": 143.60936800017953, "fast_rcnn/cls_accuracy": 0.994140625, "fast_rcnn/false_negative": 1.0, "fast_rcnn/fg_cls_accuracy": 0.0, "iteration": 159, "loss_box_reg": 0.04192199558019638, "loss_cls": 0.11462772637605667, "loss_rpn_cls": 0.3991713523864746, "loss_rpn_loc": 0.47360311448574066, "lr": 4.97378125e-05, "roi_head/num_bg_samples": 509.0, "roi_head/num_fg_samples": 3.0, "rpn/num_neg_anchors": 245.5, "rpn/num_pos_anchors": 10.5, "time": 1.1733984999591485, "timetest": 12.0, "total_loss": 1.0359671469777822, "validation_loss": 1.6834655220133516}
{"data_time": 0.0627534999512136, "eta_seconds": 128.24129500542767, "fast_rcnn/cls_accuracy": 0.994140625, "fast_rcnn/false_negative": 1.0, "fast_rcnn/fg_cls_accuracy": 0.0, "iteration": 179, "loss_box_reg": 0.0383271649479866, "loss_cls": 0.10325243696570396, "loss_rpn_cls": 0.31061312556266785, "loss_rpn_loc": 0.35678841173648834, "lr": 5.5981562499999993e-05, "roi_head/num_bg_samples": 509.0, "roi_head/num_fg_samples": 3.0, "rpn/num_neg_anchors": 242.5, "rpn/num_pos_anchors": 13.5, "time": 1.1725042500183918, "timetest": 12.0, "total_loss": 0.7957910262048244}
{"bbox/AP": 0.0, "bbox/AP-break": 0.0, "bbox/AP-disc": 0.0, "bbox/AP-shadow": 0.0, "bbox/AP50": 0.0, "bbox/AP75": 0.0, "bbox/APl": 0.0, "bbox/APm": 0.0, "bbox/APs": 0.0, "iteration": 175, "validation_loss": 1.6067567268684164}
{"data_time": 0.059609549993183464, "eta_seconds": 112.74916799040511, "fast_rcnn/cls_accuracy": 0.99127197265625, "fast_rcnn/false_negative": 1.0, "fast_rcnn/fg_cls_accuracy": 0.0, "iteration": 199, "loss_box_reg": 0.037376485764980316,