{"data_time": 0.06368414999451488, "eta_seconds": 250.59754499816336, "fast_rcnn/cls_accuracy": 0.719482421875, "fast_rcnn/false_negative": 0.4653846153846154, "fast_rcnn/fg_cls_accuracy": 0.045454545454545456, "iteration": 19, "loss_box_reg": 0.00861540948972106, "loss_cls": 1.3191449046134949, "loss_rpn_cls": 0.7125230729579926, "loss_rpn_loc": 0.8198790550231934, "lr": 6.0315625e-06, "roi_head/num_bg_samples": 509.0, "roi_head/num_fg_samples": 3.0, "rpn/num_neg_anchors": 242.0, "rpn/num_pos_anchors": 14.0, "time": 0.8353251499938779, "timetest": 12.0, "total_loss": 2.8299849673639983}
{"bbox/AP": 0.00834799850347793, "bbox/AP-break": 0.0, "bbox/AP-disc": 0.00029152026290903675, "bbox/AP-shadow": 0.024752475247524747, "bbox/AP50": 0.014587960697210405, "bbox/AP75": 0.01375137513751375, "bbox/APl": 0.01186275916594217, "bbox/APm": 0.036003600360036005, "bbox/APs": 0.0, "iteration": 15, "validation_loss": 2.8205938890749405}
{"data_time": 0.04997824999736622, "eta_seconds": 232.756131994538, "fast_rcnn/cls_accuracy": 0.99310302734375, "fast_rcnn/false_negative": 1.0, "fast_rcnn/fg_cls_accuracy": 0.0, "iteration": 39, "loss_box_reg": 0.00806685071438551, "loss_cls": 0.39559033513069153, "loss_rpn_cls": 0.7062160968780518, "loss_rpn_loc": 0.8866930305957794, "lr": 1.22753125e-05, "roi_head/num_bg_samples": 508.6875, "roi_head/num_fg_samples": 3.3125, "rpn/num_neg_anchors": 240.5, "rpn/num_pos_anchors": 15.5, "time": 0.8161900500417687, "timetest": 12.0, "total_loss": 1.9659652318805456}
{"bbox/AP": 0.042529822549723525, "bbox/AP-break": 0.0, "bbox/AP-disc": 0.07367602013984438, "bbox/AP-shadow": 0.05391344750932621, "bbox/AP50": 0.21845789554049036, "bbox/AP75": 0.02538715410002539, "bbox/APl": 0.03260603236642748, "bbox/APm": 0.12936747391987347, "bbox/APs": 0.0, "iteration": 31, "validation_loss": 2.4645762454052087}
{"data_time": 0.05799564998596907, "eta_seconds": 217.11917500011623, "fast_rcnn/cls_accuracy": 0.9932861328125, "fast_rcnn/false_negative": 1.0, "fast_rcnn/fg_cls_accuracy": 0.0, "iteration": 59, "loss_box_reg": 0.006751014618203044, "loss_cls": 0.08641204237937927, "loss_rpn_cls": 0.6929552257061005, "loss_rpn_loc": 0.871739387512207, "lr": 1.85190625e-05, "roi_head/num_bg_samples": 508.5625, "roi_head/num_fg_samples": 3.4375, "rpn/num_neg_anchors": 206.125, "rpn/num_pos_anchors": 49.875, "time": 0.8473245000350289, "timetest": 12.0, "total_loss": 1.6795012084767222}
{"bbox/AP": 0.044158729734047907, "bbox/AP-break": 0.0, "bbox/AP-disc": 0.11370955288036139, "bbox/AP-shadow": 0.01876663632178237, "bbox/AP50": 0.36515121142420753, "bbox/AP75": 0.009706853038245, "bbox/APl": 0.04046075752561801, "bbox/APm": 0.07017777533872414, "bbox/APs": 0.0, "iteration": 47, "validation_loss": 2.108558601735477}
{"bbox/AP": 0.006447554535192017, "bbox/AP-break": 0.0, "bbox/AP-disc": 0.015845384147900557, "bbox/AP-shadow": 0.0034972794576754967, "bbox/AP50": 0.04688977371904533, "bbox/AP75": 0.0, "bbox/APl": 0.006429756546324384, "bbox/APm": 0.02151161784612537, "bbox/APs": 0.0, "data_time": 0.06014409998897463, "eta_seconds": 201.29658000078052, "fast_rcnn/cls_accuracy": 0.994140625, "fast_rcnn/false_negative": 1.0, "fast_rcnn/fg_cls_accuracy": 0.0, "iteration": 79, "loss_box_reg": 0.005803883774206042, "loss_cls": 0.06156143359839916, "loss_rpn_cls": 0.6718657910823822, "loss_rpn_loc": 0.8889443874359131, "lr": 2.47628125e-05, "roi_head/num_bg_samples": 509.0, "roi_head/num_fg_samples": 3.0, "rpn/num_neg_anchors": 245.0, "rpn/num_pos_anchors": 11.0, "time": 0.8556528000044636, "timetest": 12.0, "total_loss": 1.627050174982287, "validation_loss": 1.837697221208106}
{"data_time": 0.05803945002844557, "eta_seconds": 185.8438779891003, "fast_rcnn/cls_accuracy": 0.994140625, "fast_rcnn/false_negative": 1.0, "fast_rcnn/fg_cls_accuracy": 0.0, "iteration": 99, "loss_box_reg": 0.007189582102000713, "loss_cls": 0.08006395399570465, "loss_rpn_cls": 0.6420502960681915, "loss_rpn_loc": 0.7787548899650574, "lr": 3.10065625e-05, "roi_head/num_bg_samples": 509.0, "roi_head/num_fg_samples": 3.0, "rpn/num_neg_anchors": 246.0, "rpn/num_pos_anchors": 10.0, "time": 0.8736394500010647, "timetest": 12.0, "total_loss": 1.5167289241217077}
{"bbox/AP": 0.0010834329428184163, "bbox/AP-break": 0.0, "bbox/AP-disc": 0.002392198931272535, "bbox/AP-shadow": 0.000858099897182714, "bbox/AP50": 0.00831981522741188, "bbox/AP75": 0.0, "bbox/APl": 0.0013594707620470056, "bbox/APm": 0.0006752593417909566, "bbox/APs": 0.0, "iteration": 95, "validation_loss": 1.816908180673102}
{"data_time": 0.05060240003513172, "eta_seconds": 169.6135099977255, "fast_rcnn/cls_accuracy": 0.994140625, "fast_rcnn/false_negative": 1.0, "fast_rcnn/fg_cls_accuracy": 0.0, "iteration": 119, "loss_box_reg": 0.006373926065862179, "loss_cls": 0.09577621892094612, "loss_rpn_cls": 0.6085769534111023, "loss_rpn_loc": 0.6188608407974243, "lr": 3.72503125e-05, "roi_head/num_bg_samples": 509.0, "roi_head/num_fg_samples": 3.0, "rpn/num_neg_anchors": 238.5, "rpn/num_pos_anchors": 17.5, "time": 0.8968602000386454, "timetest": 12.0, "total_loss": 1.3306111847050488}
{"bbox/AP": 0.0016070522034804047, "bbox/AP-break": 0.0, "bbox/AP-disc": 0.0013990954273653405, "bbox/AP-shadow": 0.003422061183075873, "bbox/AP50": 0.01153863415371519, "bbox/AP75": 0.0, "bbox/APl": 0.00372934783708078, "bbox/APm": 0.0001222344456667889, "bbox/APs": 0.0, "iteration": 111, "validation_loss": 1.796119140138098}
{"data_time": 0.0617680000141263, "eta_seconds": 154.67669101199135, "fast_rcnn/cls_accuracy": 0.99285888671875, "fast_rcnn/false_negative": 1.0, "fast_rcnn/fg_cls_accuracy": 0.0, "iteration": 139, "loss_box_reg": 0.009599947836250067, "loss_cls": 0.08011484518647194, "loss_rpn_cls": 0.5484283268451691, "loss_rpn_loc": 0.6436591446399689, "lr": 4.34940625e-05, "roi_head/num_bg_samples": 508.34375, "roi_head/num_fg_samples": 3.65625, "rpn/num_neg_anchors": 206.40625, "rpn/num_pos_anchors": 49.59375, "time": 0.9415183999808505, "timetest": 12.0, "total_loss": 1.2898104465566576}
{"bbox/AP": 0.0014104522163541071, "bbox/AP-break": 0.0, "bbox/AP-disc": 0.0009872196193445686, "bbox/AP-shadow": 0.003244137029717753, "bbox/AP50": 0.009291320824433546, "bbox/AP75": 0.0, "bbox/APl": 0.003941875401491168, "bbox/APm": 0.0, "bbox/APs": 0.0, "iteration": 127, "validation_loss": 1.7665779587701644}
{"bbox/AP": 0.0011857473172466949, "bbox/AP-break": 0.0, "bbox/AP-disc": 0.0, "bbox/AP-shadow": 0.0035572419517400852, "bbox/AP50": 0.001976245528744491, "bbox/AP75": 0.001976245528744491, "bbox/APl": 0.0024002400240024, "bbox/APm": 0.0, "bbox/APs": 0.0, "data_time": 0.0654165000305511, "eta_seconds": 138.79475999623537, "fast_rcnn/cls_accuracy": 0.994140625, "fast_rcnn/false_negative": 1.0, "fast_rcnn/fg_cls_accuracy": 0.0, "iteration": 159, "loss_box_reg": 0.03731178678572178, "loss_cls": 0.11908164620399475, "loss_rpn_cls": 0.4535364657640457, "loss_rpn_loc": 0.43104206025600433, "lr": 4.97378125e-05, "roi_head/num_bg_samples": 509.0, "roi_head/num_fg_samples": 3.0, "rpn/num_neg_anchors": 243.5, "rpn/num_pos_anchors": 12.5, "time": 1.105054149928037, "timetest": 12.0, "total_loss": 1.0508849173784256, "validation_loss": 1.7192299961595738}
{"data_time": 0.05631235003238544, "eta_seconds": 123.48044799291529, "fast_rcnn/cls_accuracy": 0.994140625, "fast_rcnn/false_negative": 1.0, "fast_rcnn/fg_cls_accuracy": 0.0, "iteration": 179, "loss_box_reg": 0.03552215360105038, "loss_cls": 0.10841982811689377, "loss_rpn_cls": 0.3886682689189911, "loss_rpn_loc": 0.4796489477157593, "lr": 5.5981562499999993e-05, "roi_head/num_bg_samples": 509.0, "roi_head/num_fg_samples": 3.0, "rpn/num_neg_anchors": 242.5, "rpn/num_pos_anchors": 13.5, "time": 1.16732010000851, "timetest": 12.0, "total_loss": 1.0010678069666028}
{"bbox/AP": 0.0, "bbox/AP-break": 0.0, "bbox/AP-disc": 0.0, "bbox/AP-shadow": 0.0, "bbox/AP50": 0.0, "bbox/AP75": 0.0, "bbox/APl": 0.0, "bbox/APm": 0.0, "bbox/APs": 0.0, "iteration": 175, "validation_loss": 1.7014232149169164}
{"data_time": 0.05507549998583272,