{"bbox/AP": 8.04799166860371e-05, "bbox/AP-break": 0.0, "bbox/AP-disc": 0.00013808912271980335, "bbox/AP-shadow": 0.00010335062733830792, "bbox/AP50": 0.0008047991668603709, "bbox/AP75": 0.0, "bbox/APl": 0.008497118368553274, "bbox/APm": 0.0, "bbox/APs": 0.0, "data_time": 0.0639348000404425, "eta_seconds": 66966.09209708683, "fast_rcnn/cls_accuracy": 0.115234375, "fast_rcnn/false_negative": 0.0, "fast_rcnn/fg_cls_accuracy": 0.0, "iteration": 15, "loss_box_reg": 0.008742787409573793, "loss_cls": 1.5683250427246094, "loss_rpn_cls": 0.7018130421638489, "loss_rpn_loc": 0.8003085851669312, "lr": 1.5985e-06, "roi_head/num_bg_samples": 509.0, "roi_head/num_fg_samples": 3.0, "rpn/num_neg_anchors": 245.5, "rpn/num_pos_anchors": 10.5, "time": 0.8372435999335721, "total_loss": 3.1001621270552278, "validation_loss": 3.1723884714361783}
