{"data_time": 0.05886449996614829, "eta_seconds": 13299.774475046434, "fast_rcnn/cls_accuracy": 0.3729248046875, "fast_rcnn/false_negative": 0.46590909090909094, "fast_rcnn/fg_cls_accuracy": 0.12957317073170732, "iteration": 19, "loss_box_reg": 0.021704253740608692, "loss_cls": 1.4136252403259277, "loss_rpn_cls": 0.7032056748867035, "loss_rpn_loc": 0.8522684276103973, "lr": 1.9981e-06, "roi_head/num_bg_samples": 507.03125, "roi_head/num_fg_samples": 4.96875, "rpn/num_neg_anchors": 242.5, "rpn/num_pos_anchors": 13.5, "time": 0.8322762500029057, "timetest": 12.0, "total_loss": 2.9921450885012746}
{"bbox/AP": 0.0011678299595906851, "bbox/AP-break": 0.0, "bbox/AP-disc": 0.001692333153343414, "bbox/AP-shadow": 0.0018111567254286407, "bbox/AP50": 0.004892128342219622, "bbox/AP75": 9.506243344144308e-05, "bbox/APl": 0.05995192845588625, "bbox/APm": 0.0, "bbox/APs": 0.0, "iteration": 15, "validation_loss": 3.0533327979725944}
{"data_time": 0.05842574994312599, "eta_seconds": 13415.138100986369, "fast_rcnn/cls_accuracy": 0.961669921875, "fast_rcnn/false_negative": 0.8647660818713451, "fast_rcnn/fg_cls_accuracy": 0.0, "iteration": 39, "loss_box_reg": 0.018465425819158554, "loss_cls": 0.9008518159389496, "loss_rpn_cls": 0.6998305916786194, "loss_rpn_loc": 0.8990548551082611, "lr": 3.9961e-06, "roi_head/num_bg_samples": 507.125, "roi_head/num_fg_samples": 4.875, "rpn/num_neg_anchors": 241.0, "rpn/num_pos_anchors": 15.0, "time": 0.8474483500467613, "timetest": 12.0, "total_loss": 2.416637985035777}
{"bbox/AP": 0.007383187649607257, "bbox/AP-break": 0.0, "bbox/AP-disc": 0.020675684288179355, "bbox/AP-shadow": 0.0014738786606424174, "bbox/AP50": 0.03785113115061503, "bbox/AP75": 0.0006492062111557975, "bbox/APl": 0.0949652914082926, "bbox/APm": 0.0005701789691164238, "bbox/APs": 0.0, "iteration": 31, "validation_loss": 2.8119793163336313}
{"data_time": 0.05043390003265813, "eta_seconds": 13438.134909700602, "fast_rcnn/cls_accuracy": 0.98822021484375, "fast_rcnn/false_negative": 1.0, "fast_rcnn/fg_cls_accuracy": 0.0, "iteration": 59, "loss_box_reg": 0.023174375295639038, "loss_cls": 0.36814965307712555, "loss_rpn_cls": 0.6966412365436554, "loss_rpn_loc": 0.8884831070899963, "lr": 5.9941e-06, "roi_head/num_bg_samples": 506.3125, "roi_head/num_fg_samples": 5.6875, "rpn/num_neg_anchors": 200.84375, "rpn/num_pos_anchors": 55.15625, "time": 0.848789100011345, "timetest": 12.0, "total_loss": 2.0140760969370604}
{"bbox/AP": 0.09691199911333868, "bbox/AP-break": 0.0, "bbox/AP-disc": 0.28582426014687656, "bbox/AP-shadow": 0.004911737193139461, "bbox/AP50": 0.5343808534599492, "bbox/AP75": 0.006371782348171039, "bbox/APl": 0.1420081623242944, "bbox/APm": 0.016919279183086947, "bbox/APs": 0.0, "iteration": 47, "validation_loss": 2.5706258346946687}
{"bbox/AP": 0.08034609400920249, "bbox/AP-break": 0.0, "bbox/AP-disc": 0.23792124283244315, "bbox/AP-shadow": 0.0031170391951643762, "bbox/AP50": 0.4113795037413894, "bbox/AP75": 0.006332639309360693, "bbox/APl": 0.09775528595627185, "bbox/APm": 0.009474605507511327, "bbox/APs": 0.0, "data_time": 0.0620033000013791, "eta_seconds": 13576.405656449497, "fast_rcnn/cls_accuracy": 0.9921875, "fast_rcnn/false_negative": 1.0, "fast_rcnn/fg_cls_accuracy": 0.0, "iteration": 79, "loss_box_reg": 0.025700210593640804, "loss_cls": 0.1810646653175354, "loss_rpn_cls": 0.6919844746589661, "loss_rpn_loc": 0.8937994241714478, "lr": 7.992100000000001e-06, "roi_head/num_bg_samples": 508.0, "roi_head/num_fg_samples": 4.0, "rpn/num_neg_anchors": 245.5, "rpn/num_pos_anchors": 10.5, "time": 0.862687949964311, "timetest": 12.0, "total_loss": 1.7956501599401236, "validation_loss": 2.167402928034908}
{"data_time": 0.05061125004431233, "eta_seconds": 13559.349870448932, "fast_rcnn/cls_accuracy": 0.989501953125, "fast_rcnn/false_negative": 1.0, "fast_rcnn/fg_cls_accuracy": 0.0, "iteration": 99, "loss_box_reg": 0.026316625997424126, "loss_cls": 0.1313074231147766, "loss_rpn_cls": 0.6825346946716309, "loss_rpn_loc": 0.7997807860374451, "lr": 9.990100000000001e-06, "roi_head/num_bg_samples": 506.625, "roi_head/num_fg_samples": 5.375, "rpn/num_neg_anchors": 243.0, "rpn/num_pos_anchors": 13.0, "time": 0.8550613499828614, "timetest": 12.0, "total_loss": 1.6389482161030173}
{"bbox/AP": 0.06612470499846254, "bbox/AP-break": 0.0, "bbox/AP-disc": 0.19659164390604134, "bbox/AP-shadow": 0.001782471089346288, "bbox/AP50": 0.32664363191131235, "bbox/AP75": 0.005185369106645245, "bbox/APl": 0.07923911172756695, "bbox/APm": 0.006161939121453538, "bbox/APs": 0.0, "iteration": 95, "validation_loss": 2.061596612196057}
{"data_time": 0.052388900017831475, "eta_seconds": 13602.318895959761, "fast_rcnn/cls_accuracy": 0.98828125, "fast_rcnn/false_negative": 1.0, "fast_rcnn/fg_cls_accuracy": 0.0, "iteration": 119, "loss_box_reg": 0.02938054408878088, "loss_cls": 0.11976617202162743, "loss_rpn_cls": 0.6752096712589264, "loss_rpn_loc": 0.8357147872447968, "lr": 1.1988100000000001e-05, "roi_head/num_bg_samples": 506.0, "roi_head/num_fg_samples": 6.0, "rpn/num_neg_anchors": 240.0, "rpn/num_pos_anchors": 16.0, "time": 0.8751598999951966, "timetest": 12.0, "total_loss": 1.6613256074488163}
{"bbox/AP": 0.049842658841631624, "bbox/AP-break": 0.0, "bbox/AP-disc": 0.14771722136416662, "bbox/AP-shadow": 0.0018107551607282782, "bbox/AP50": 0.24874604544164017, "bbox/AP75": 0.0020921268038055787, "bbox/APl": 0.059501047537706235, "bbox/APm": 0.002328472659227921, "bbox/APs": 0.0, "iteration": 111, "validation_loss": 1.9557902963572062}
{"data_time": 0.05987599998479709, "eta_seconds": 13654.004052523524, "fast_rcnn/cls_accuracy": 0.98699951171875, "fast_rcnn/false_negative": 1.0, "fast_rcnn/fg_cls_accuracy": 0.0, "iteration": 139, "loss_box_reg": 0.03341938182711601, "loss_cls": 0.12169138714671135, "loss_rpn_cls": 0.660573810338974, "loss_rpn_loc": 0.7369308173656464, "lr": 1.3986100000000001e-05, "roi_head/num_bg_samples": 505.34375, "roi_head/num_fg_samples": 6.65625, "rpn/num_neg_anchors": 213.3125, "rpn/num_pos_anchors": 42.6875, "time": 0.893534550035838, "timetest": 12.0, "total_loss": 1.5477100498974323}
{"bbox/AP": 0.03875479188997057, "bbox/AP-break": 0.0, "bbox/AP-disc": 0.11385809901489255, "bbox/AP-shadow": 0.0024062766550191983, "bbox/AP50": 0.19499910343466015, "bbox/AP75": 0.0014777597162701345, "bbox/APl": 0.04530731578035722, "bbox/APm": 0.0015783302339088619, "bbox/APs": 0.0, "iteration": 127, "validation_loss": 1.9134541304032333}
{"bbox/AP": 0.007902448473564022, "bbox/AP-break": 0.0, "bbox/AP-disc": 0.022458980623029923, "bbox/AP-shadow": 0.001248364797662142, "bbox/AP50": 0.039498071645426035, "bbox/AP75": 0.00021832320332960573, "bbox/APl": 0.009041870434255873, "bbox/APm": 0.19251925192519254, "bbox/APs": 0.0, "data_time": 0.04992685001343489, "eta_seconds": 13680.085320146754, "fast_rcnn/cls_accuracy": 0.9873046875, "fast_rcnn/false_negative": 1.0, "fast_rcnn/fg_cls_accuracy": 0.0, "iteration": 159, "loss_box_reg": 0.0336803812533617, "loss_cls": 0.11784528195858002, "loss_rpn_cls": 0.646030604839325, "loss_rpn_loc": 0.8763830661773682, "lr": 1.59841e-05, "roi_head/num_bg_samples": 505.5, "roi_head/num_fg_samples": 6.5, "rpn/num_neg_anchors": 243.0, "rpn/num_pos_anchors": 13.0, "time": 0.9335824000299908, "timetest": 12.0, "total_loss": 1.6890746615827084, "validation_loss": 1.8700619851255713}
{"data_time": 0.06326154997805133, "eta_seconds": 13723.743215918075, "fast_rcnn/cls_accuracy": 0.9857177734375, "fast_rcnn/false_negative": 1.0, "fast_rcnn/fg_cls_accuracy": 0.0, "iteration": 179, "loss_box_reg": 0.03724110126495361, "loss_cls": 0.11740068718791008, "loss_rpn_cls": 0.6271557807922363, "loss_rpn_loc": 0.7285547256469727, "lr": 1.79821e-05, "roi_head/num_bg_samples": 504.6875, "roi_head/num_fg_samples": 7.3125, "rpn/num_neg_anchors": 242.0, "rpn/num_pos_anchors": 14.0, "time": 0.9109331500367261, "timetest": 12.0, "total_loss": 1.517430885694921}
{"bbox/AP": 0.010659328772465271, "bbox/AP-break": 0.0, "bbox/AP-disc": 0.03003217154225187,